{"cameraMode":{"drawMode":0,"name":"Shaded","section":"Shading Mode"},"sceneLighting":false,"audioPlay":false,"sceneViewState":{"showFog":true,"showMaterialUpdate":false,"showSkybox":true,"showFlares":true,"showImageEffects":true,"showParticleSystems":true},"in2DMode":false,"pivot":{"x":-0.23331546783447267,"y":1.3750014305114747,"z":-5.150000095367432},"rotation":{"x":-0.022726215422153474,"y":0.08447324484586716,"z":-0.001927147968672216,"w":-0.9961646795272827},"size":33.81755828857422,"orthographic":false}