{"cameraMode":{"drawMode":0,"name":"Shaded","section":"Shading Mode"},"sceneLighting":false,"audioPlay":false,"sceneViewState":{"showFog":true,"showMaterialUpdate":false,"showSkybox":true,"showFlares":true,"showImageEffects":true,"showParticleSystems":true},"in2DMode":false,"pivot":{"x":3.735260248184204,"y":-7.211669921875,"z":-3.285465717315674},"rotation":{"x":-0.10158803313970566,"y":-0.40197083353996279,"z":0.04492887482047081,"w":-0.9088898301124573},"size":8.722371101379395,"orthographic":false}