{"cameraMode":{"drawMode":0,"name":"Shaded","section":"Shading Mode"},"sceneLighting":false,"audioPlay":false,"sceneViewState":{"showFog":true,"showMaterialUpdate":false,"showSkybox":true,"showFlares":true,"showImageEffects":true,"showParticleSystems":true},"in2DMode":false,"pivot":{"x":-14.859999656677246,"y":7.110000133514404,"z":-5.557000160217285},"rotation":{"x":0.13545216619968415,"y":-0.06771788746118546,"z":-0.00927994679659605,"w":-0.9884234666824341},"size":2.8578836917877199,"orthographic":false}