{"cameraMode":{"drawMode":0,"name":"Shaded","section":"Shading Mode"},"sceneLighting":false,"audioPlay":false,"sceneViewState":{"showFog":true,"showMaterialUpdate":false,"showSkybox":true,"showFlares":true,"showImageEffects":true,"showParticleSystems":true},"in2DMode":false,"pivot":{"x":451.13671875,"y":262.301513671875,"z":12.332975387573243},"rotation":{"x":0.031178925186395646,"y":-0.020392119884490968,"z":-0.000636271492112428,"w":-0.9993056058883667},"size":203.7638397216797,"orthographic":false}